filename,object_location,image_small,image_thumb
fbeyes_000.jpeg,/objects/fbeyes_000.jpeg,/objects/small/fbeyes_000_sm.jpg,/objects/thumbs/fbeyes_000_th.jpg
fbeyes_002.jpeg,/objects/fbeyes_002.jpeg,/objects/small/fbeyes_002_sm.jpg,/objects/thumbs/fbeyes_002_th.jpg
fbeyes_004.jpeg,/objects/fbeyes_004.jpeg,/objects/small/fbeyes_004_sm.jpg,/objects/thumbs/fbeyes_004_th.jpg
fbeyes_006.jpeg,/objects/fbeyes_006.jpeg,/objects/small/fbeyes_006_sm.jpg,/objects/thumbs/fbeyes_006_th.jpg
fbeyes_008.jpeg,/objects/fbeyes_008.jpeg,/objects/small/fbeyes_008_sm.jpg,/objects/thumbs/fbeyes_008_th.jpg
fbeyes_010.jpeg,/objects/fbeyes_010.jpeg,/objects/small/fbeyes_010_sm.jpg,/objects/thumbs/fbeyes_010_th.jpg
fbeyes_012.jpeg,/objects/fbeyes_012.jpeg,/objects/small/fbeyes_012_sm.jpg,/objects/thumbs/fbeyes_012_th.jpg
fbeyes_014.jpeg,/objects/fbeyes_014.jpeg,/objects/small/fbeyes_014_sm.jpg,/objects/thumbs/fbeyes_014_th.jpg
fbeyes_016.jpeg,/objects/fbeyes_016.jpeg,/objects/small/fbeyes_016_sm.jpg,/objects/thumbs/fbeyes_016_th.jpg
fbeyes_018.jpeg,/objects/fbeyes_018.jpeg,/objects/small/fbeyes_018_sm.jpg,/objects/thumbs/fbeyes_018_th.jpg
fbeyes_020.jpeg,/objects/fbeyes_020.jpeg,/objects/small/fbeyes_020_sm.jpg,/objects/thumbs/fbeyes_020_th.jpg
fbeyes_022.jpeg,/objects/fbeyes_022.jpeg,/objects/small/fbeyes_022_sm.jpg,/objects/thumbs/fbeyes_022_th.jpg
fbeyes_024.jpeg,/objects/fbeyes_024.jpeg,/objects/small/fbeyes_024_sm.jpg,/objects/thumbs/fbeyes_024_th.jpg
fbeyes_026.jpeg,/objects/fbeyes_026.jpeg,/objects/small/fbeyes_026_sm.jpg,/objects/thumbs/fbeyes_026_th.jpg
fbeyes_028.jpeg,/objects/fbeyes_028.jpeg,/objects/small/fbeyes_028_sm.jpg,/objects/thumbs/fbeyes_028_th.jpg
fbeyes_030.jpeg,/objects/fbeyes_030.jpeg,/objects/small/fbeyes_030_sm.jpg,/objects/thumbs/fbeyes_030_th.jpg
fbeyes_032.jpeg,/objects/fbeyes_032.jpeg,/objects/small/fbeyes_032_sm.jpg,/objects/thumbs/fbeyes_032_th.jpg
fbeyes_034.jpeg,/objects/fbeyes_034.jpeg,/objects/small/fbeyes_034_sm.jpg,/objects/thumbs/fbeyes_034_th.jpg
fbeyes_036.jpeg,/objects/fbeyes_036.jpeg,/objects/small/fbeyes_036_sm.jpg,/objects/thumbs/fbeyes_036_th.jpg
fbeyes_038.jpeg,/objects/fbeyes_038.jpeg,/objects/small/fbeyes_038_sm.jpg,/objects/thumbs/fbeyes_038_th.jpg
fbeyes_040.jpeg,/objects/fbeyes_040.jpeg,/objects/small/fbeyes_040_sm.jpg,/objects/thumbs/fbeyes_040_th.jpg
fbeyes_042.jpeg,/objects/fbeyes_042.jpeg,/objects/small/fbeyes_042_sm.jpg,/objects/thumbs/fbeyes_042_th.jpg
fbeyes_044.jpeg,/objects/fbeyes_044.jpeg,/objects/small/fbeyes_044_sm.jpg,/objects/thumbs/fbeyes_044_th.jpg
fbeyes_046.jpeg,/objects/fbeyes_046.jpeg,/objects/small/fbeyes_046_sm.jpg,/objects/thumbs/fbeyes_046_th.jpg
fbeyes_048.jpeg,/objects/fbeyes_048.jpeg,/objects/small/fbeyes_048_sm.jpg,/objects/thumbs/fbeyes_048_th.jpg
fbeyes_050.jpeg,/objects/fbeyes_050.jpeg,/objects/small/fbeyes_050_sm.jpg,/objects/thumbs/fbeyes_050_th.jpg
fbeyes_052.jpeg,/objects/fbeyes_052.jpeg,/objects/small/fbeyes_052_sm.jpg,/objects/thumbs/fbeyes_052_th.jpg
fbeyes_054.jpeg,/objects/fbeyes_054.jpeg,/objects/small/fbeyes_054_sm.jpg,/objects/thumbs/fbeyes_054_th.jpg
fbeyes_056.jpeg,/objects/fbeyes_056.jpeg,/objects/small/fbeyes_056_sm.jpg,/objects/thumbs/fbeyes_056_th.jpg
fbeyes_058.jpeg,/objects/fbeyes_058.jpeg,/objects/small/fbeyes_058_sm.jpg,/objects/thumbs/fbeyes_058_th.jpg
fbeyes_060.jpeg,/objects/fbeyes_060.jpeg,/objects/small/fbeyes_060_sm.jpg,/objects/thumbs/fbeyes_060_th.jpg
fbeyes_062.jpeg,/objects/fbeyes_062.jpeg,/objects/small/fbeyes_062_sm.jpg,/objects/thumbs/fbeyes_062_th.jpg
fbeyes_064.jpeg,/objects/fbeyes_064.jpeg,/objects/small/fbeyes_064_sm.jpg,/objects/thumbs/fbeyes_064_th.jpg
fbeyes_066.jpeg,/objects/fbeyes_066.jpeg,/objects/small/fbeyes_066_sm.jpg,/objects/thumbs/fbeyes_066_th.jpg
fbeyes_068.jpeg,/objects/fbeyes_068.jpeg,/objects/small/fbeyes_068_sm.jpg,/objects/thumbs/fbeyes_068_th.jpg
fbeyes_070.jpeg,/objects/fbeyes_070.jpeg,/objects/small/fbeyes_070_sm.jpg,/objects/thumbs/fbeyes_070_th.jpg
fbeyes_072.jpeg,/objects/fbeyes_072.jpeg,/objects/small/fbeyes_072_sm.jpg,/objects/thumbs/fbeyes_072_th.jpg
fbeyes_074.jpeg,/objects/fbeyes_074.jpeg,/objects/small/fbeyes_074_sm.jpg,/objects/thumbs/fbeyes_074_th.jpg
fbeyes_076.jpeg,/objects/fbeyes_076.jpeg,/objects/small/fbeyes_076_sm.jpg,/objects/thumbs/fbeyes_076_th.jpg
fbeyes_078.jpeg,/objects/fbeyes_078.jpeg,/objects/small/fbeyes_078_sm.jpg,/objects/thumbs/fbeyes_078_th.jpg
fbeyes_080.jpeg,/objects/fbeyes_080.jpeg,/objects/small/fbeyes_080_sm.jpg,/objects/thumbs/fbeyes_080_th.jpg
fbeyes_082.jpeg,/objects/fbeyes_082.jpeg,/objects/small/fbeyes_082_sm.jpg,/objects/thumbs/fbeyes_082_th.jpg
fbeyes_084.jpeg,/objects/fbeyes_084.jpeg,/objects/small/fbeyes_084_sm.jpg,/objects/thumbs/fbeyes_084_th.jpg
fbeyes_086.jpeg,/objects/fbeyes_086.jpeg,/objects/small/fbeyes_086_sm.jpg,/objects/thumbs/fbeyes_086_th.jpg
fbeyes_088.jpeg,/objects/fbeyes_088.jpeg,/objects/small/fbeyes_088_sm.jpg,/objects/thumbs/fbeyes_088_th.jpg
fbeyes_090.jpeg,/objects/fbeyes_090.jpeg,/objects/small/fbeyes_090_sm.jpg,/objects/thumbs/fbeyes_090_th.jpg
fbeyes_092.jpeg,/objects/fbeyes_092.jpeg,/objects/small/fbeyes_092_sm.jpg,/objects/thumbs/fbeyes_092_th.jpg
fbeyes_094.jpeg,/objects/fbeyes_094.jpeg,/objects/small/fbeyes_094_sm.jpg,/objects/thumbs/fbeyes_094_th.jpg
fbeyes_096.jpeg,/objects/fbeyes_096.jpeg,/objects/small/fbeyes_096_sm.jpg,/objects/thumbs/fbeyes_096_th.jpg
fbeyes_098.jpeg,/objects/fbeyes_098.jpeg,/objects/small/fbeyes_098_sm.jpg,/objects/thumbs/fbeyes_098_th.jpg
fbeyes_brown_site_img.jpeg,/objects/fbeyes_brown_site_img.jpeg,/objects/small/fbeyes_brown_site_img_sm.jpg,/objects/thumbs/fbeyes_brown_site_img_th.jpg
